Name,Age,Email
Alice Johnson,32,alice@example.com
Bob Smith,28,bob@example.com
Catherine Brown,45,catherine@example.com
David Wilson,22,david@example.com
Emily Martinez,29,emily@example.com
Frank Jones,37,frank@example.com
Grace Davis,26,grace@example.com
Henry Taylor,33,henry@example.com
Isabel Miller,40,isabel@example.com
Jack White,24,jack@example.com
Karen J Harris,29,karen@example.com
Liam Thomas,31,liam@example.com
Megan Jackson,27,megan@example.com
Nathan Clark,36,nathan@example.com
Olivia Lee,23,olivia@example.com
Patrick Johnson,38,patrick@example.com
Quincy Anderson,30,quincy@example.com
Rachel Brown,34,rachel@example.com
Samuel Walker,25,samuel@example.com
Taylor Hall,28,taylor@example.com
